<?xml version="1.0" encoding="utf-8" standalone="yes" ?>
<TorqueGameConfiguration>
   <Company>USCGames</Company>
   <GameName>Pipeline</GameName>
   <Resolution>1280 800 32</Resolution>
   <FullScreen>false</FullScreen>
   <CommonVer>114</CommonVer>
   <ConsoleKey>tilde</ConsoleKey>
   <ScreenShotKey>ctrl p</ScreenShotKey>
   <FullscreenKey>alt enter</FullscreenKey>
   <UsesNetwork>0</UsesNetwork>
   <UsesAudio>1</UsesAudio>
   <DefaultScene>~/data/levels/level1.t2d</DefaultScene>
</TorqueGameConfiguration>
